"#name ModelHeight ","#unique id","","","",""
"id"
"int"
"*"
"模型id"
"1040001"
"1040002"
"1040003"
"1040004"
"1040005"
"1040006"
"1040007"
"1040008"
"1040009"
"1040010"
"1040011"
"1040012"
"1040013"
"1040014"
"1030001"
"1030002"
"1030003"
"1030004"
"1030005"
"1030006"
"1030007"
"1030008"
"1030009"
"1030010"
"1030011"
"1030012"
"1030013"
"1030014"
"1030015"
"1030016"
"1030017"
"1030018"
"1030019"
"1030020"
"1030021"
"1020001"
"1020002"
"1020003"
"1020004"
"1020005"
"1020006"
"1020007"
"1010001"
"1010002"
"1010003"
"1010004"
"1010005"
"4000001"
"4000002"
"4000003"
"4000004"
"4000005"
"4000006"
"4000007"
"4000008"
"4000009"
"4000010"
"4000011"
"4000012"
"4000013"
"4000014"
"4000015"
"4000016"
"4000017"
"4000018"
"4000019"
"4000020"
"4000021"
"4000022"
"7000001"
"7000002"
"7000003"
"7000004"
"7000005"
"7000006"
"7000007"
"7000008"
"7000009"
"7000010"
"7000011"
"7000012"
"7000013"
"7000014"
"7000015"
"7000016"
"7000017"
"7000018"
"7000019"
"7000020"
"7000021"
"7000022"
"7000023"
"7000024"
"7000025"
"7000026"
"7000027"
"7000028"
"7000029"
"7000030"
"7000031"
"7000032"
"7000033"
"7000034"
"7000035"
"7000036"
"7000037"
"7000038"
"7000039"
"7000040"
"7000041"
"7000042"
"7000043"
"7000044"
"7000045"
"7000046"
"7000047"
"7000048"
"7000049"
"7000050"
"7000051"
"7000052"
"7000053"
"7000054"
"7000055"
"7000056"
"7000057"
"7000101"
"7000102"
"7000103"
"7000104"
"7000105"
"7000106"
"7000107"
"7000500"
"7000501"
"7000502"
"7000503"
"7000504"
"7000505"
"7000506"
"7000507"
"7000508"
"7000509"
"7000510"
"7000511"
"7000512"
"7000513"
"7000514"
"7000515"
"7000516"
